accuracy,precision,recall,f1,auc,experiment,train_time_sec,predict_time_sec,n_train,n_test
0.985,0.9825870646766169,0.9875,0.9850374064837906,0.999027,QR_Handcrafted_RF,1.5884,0.214,16000,4000
0.547,0.5486039296794208,0.5305,0.5394001016776817,0.57380375,QR_Handcrafted_Quantum,0.2401,0.0835,16000,4000
